{
  "title": "Race",
  "releases": [
    "dec2010_pl94",
    "dec2020_pl94"
  ],
  "columns": {
    "name": "Geography Name",
    "P0010001_2020": "P1-1: Total (2020)",
    "P0010002_2020": "P1-2: Population of one race (2020)",
    "P0010003_2020": "P1-3: White alone (2020)",
    "P0010004_2020": "P1-4: Black or African American alone (2020)",
    "P0010005_2020": "P1-5: American Indian and Alaska Native alone (2020)",
    "P0010006_2020": "P1-6: Asian alone (2020)",
    "P0010007_2020": "P1-7: Native Hawaiian and Other Pacific Islander alone (2020)",
    "P0010008_2020": "P1-8: Some other race alone (2020)",
    "P0010009_2020": "P1-9: Population of two or more races (2020)",
    "P0010010_2020": "P1-10: Population of two races (2020)",
    "P0010011_2020": "P1-11: White; Black or African American (2020)",
    "P0010012_2020": "P1-12: White; American Indian and Alaska Native (2020)",
    "P0010013_2020": "P1-13: White; Asian (2020)",
    "P0010014_2020": "P1-14: White; Native Hawaiian and Other Pacific Islander (2020)",
    "P0010015_2020": "P1-15: White; Some other race (2020)",
    "P0010016_2020": "P1-16: Black or African American; American Indian and Alaska Native (2020)",
    "P0010017_2020": "P1-17: Black or African American; Asian (2020)",
    "P0010018_2020": "P1-18: Black or African American; Native Hawaiian and Other Pacific Islander (2020)",
    "P0010019_2020": "P1-19: Black or African American; Some other race (2020)",
    "P0010020_2020": "P1-20: American Indian and Alaska Native; Asian (2020)",
    "P0010021_2020": "P1-21: American Indian and Alaska Native; Native Hawaiian and Other Pacific Islander (2020)",
    "P0010022_2020": "P1-22: American Indian and Alaska Native; Some other race (2020)",
    "P0010023_2020": "P1-23: Asian; Native Hawaiian and Other Pacific Islander (2020)",
    "P0010024_2020": "P1-24: Asian; Some other race (2020)",
    "P0010025_2020": "P1-25: Native Hawaiian and Other Pacific Islander; Some other race (2020)",
    "P0010026_2020": "P1-26: Population of three races (2020)",
    "P0010027_2020": "P1-27: White; Black or African American; American Indian and Alaska Native (2020)",
    "P0010028_2020": "P1-28: White; Black or African American; Asian (2020)",
    "P0010029_2020": "P1-29: White; Black or African American; Native Hawaiian and Other Pacific Islander (2020)",
    "P0010030_2020": "P1-30: White; Black or African American; Some other race (2020)",
    "P0010031_2020": "P1-31: White; American Indian and Alaska Native; Asian (2020)",
    "P0010032_2020": "P1-32: White; American Indian and Alaska Native; Native Hawaiian and Other Pacific Islander (2020)",
    "P0010033_2020": "P1-33: White; American Indian and Alaska Native; Some other race (2020)",
    "P0010034_2020": "P1-34: White; Asian; Native Hawaiian and Other Pacific Islander (2020)",
    "P0010035_2020": "P1-35: White; Asian; Some other race (2020)",
    "P0010036_2020": "P1-36: White; Native Hawaiian and Other Pacific Islander; Some other race (2020)",
    "P0010037_2020": "P1-37: Black or African American; American Indian and Alaska Native; Asian (2020)",
    "P0010038_2020": "P1-38: Black or African American; American Indian and Alaska Native; Native Hawaiian and Other Pacific Islander (2020)",
    "P0010039_2020": "P1-39: Black or African American; American Indian and Alaska Native; Some other race (2020)",
    "P0010040_2020": "P1-40: Black or African American; Asian; Native Hawaiian and Other Pacific Islander (2020)",
    "P0010041_2020": "P1-41: Black or African American; Asian; Some other race (2020)",
    "P0010042_2020": "P1-42: Black or African American; Native Hawaiian and Other Pacific Islander; Some other race (2020)",
    "P0010043_2020": "P1-43: American Indian and Alaska Native; Asian; Native Hawaiian and Other Pacific Islander (2020)",
    "P0010044_2020": "P1-44: American Indian and Alaska Native; Asian; Some other race (2020)",
    "P0010045_2020": "P1-45: American Indian and Alaska Native; Native Hawaiian and Other Pacific Islander; Some other race (2020)",
    "P0010046_2020": "P1-46: Asian; Native Hawaiian and Other Pacific Islander; Some other race (2020)",
    "P0010047_2020": "P1-47: Population of four races (2020)",
    "P0010048_2020": "P1-48: White; Black or African American; American Indian and Alaska Native; Asian (2020)",
    "P0010049_2020": "P1-49: White; Black or African American; American Indian and Alaska Native; Native Hawaiian and Other Pacific Islander (2020)",
    "P0010050_2020": "P1-50: White; Black or African American; American Indian and Alaska Native; Some other race (2020)",
    "P0010051_2020": "P1-51: White; Black or African American; Asian; Native Hawaiian and Other Pacific Islander (2020)",
    "P0010052_2020": "P1-52: White; Black or African American; Asian; Some other race (2020)",
    "P0010053_2020": "P1-53: White; Black or African American; Native Hawaiian and Other Pacific Islander; Some other race (2020)",
    "P0010054_2020": "P1-54: White; American Indian and Alaska Native; Asian; Native Hawaiian and Other Pacific Islander (2020)",
    "P0010055_2020": "P1-55: White; American Indian and Alaska Native; Asian; Some other race (2020)",
    "P0010056_2020": "P1-56: White; American Indian and Alaska Native; Native Hawaiian and Other Pacific Islander; Some other race (2020)",
    "P0010057_2020": "P1-57: White; Asian; Native Hawaiian and Other Pacific Islander; Some other race (2020)",
    "P0010058_2020": "P1-58: Black or African American; American Indian and Alaska Native; Asian; Native Hawaiian and Other Pacific Islander (2020)",
    "P0010059_2020": "P1-59: Black or African American; American Indian and Alaska Native; Asian; Some other race (2020)",
    "P0010060_2020": "P1-60: Black or African American; American Indian and Alaska Native; Native Hawaiian and Other Pacific Islander; Some other race (2020)",
    "P0010061_2020": "P1-61: Black or African American; Asian; Native Hawaiian and Other Pacific Islander; Some other race (2020)",
    "P0010062_2020": "P1-62: American Indian and Alaska Native; Asian; Native Hawaiian and Other Pacific Islander; Some other race (2020)",
    "P0010063_2020": "P1-63: Population of five races (2020)",
    "P0010064_2020": "P1-64: White; Black or African American; American Indian and Alaska Native; Asian; Native Hawaiian and Other Pacific Islander (2020)",
    "P0010065_2020": "P1-65: White; Black or African American; American Indian and Alaska Native; Asian; Some other race (2020)",
    "P0010066_2020": "P1-66: White; Black or African American; American Indian and Alaska Native; Native Hawaiian and Other Pacific Islander; Some other race (2020)",
    "P0010067_2020": "P1-67: White; Black or African American; Asian; Native Hawaiian and Other Pacific Islander; Some other race (2020)",
    "P0010068_2020": "P1-68: White; American Indian and Alaska Native; Asian; Native Hawaiian and Other Pacific Islander; Some other race (2020)",
    "P0010069_2020": "P1-69: Black or African American; American Indian and Alaska Native; Asian; Native Hawaiian and Other Pacific Islander; Some other race (2020)",
    "P0010070_2020": "P1-70: Population of six races (2020)",
    "P0010071_2020": "P1-71: White; Black or African American; American Indian and Alaska Native; Asian; Native Hawaiian and Other Pacific Islander; Some other race (2020)",
    "P0010001_2010": "P1-1: Total (2010)",
    "P0010002_2010": "P1-2: Population of one race (2010)",
    "P0010003_2010": "P1-3: White alone (2010)",
    "P0010004_2010": "P1-4: Black or African American alone (2010)",
    "P0010005_2010": "P1-5: American Indian and Alaska Native alone (2010)",
    "P0010006_2010": "P1-6: Asian alone (2010)",
    "P0010007_2010": "P1-7: Native Hawaiian and Other Pacific Islander alone (2010)",
    "P0010008_2010": "P1-8: Some other race alone (2010)",
    "P0010009_2010": "P1-9: Population of two or more races (2010)",
    "P0010010_2010": "P1-10: Population of two races (2010)",
    "P0010011_2010": "P1-11: White; Black or African American (2010)",
    "P0010012_2010": "P1-12: White; American Indian and Alaska Native (2010)",
    "P0010013_2010": "P1-13: White; Asian (2010)",
    "P0010014_2010": "P1-14: White; Native Hawaiian and Other Pacific Islander (2010)",
    "P0010015_2010": "P1-15: White; Some other race (2010)",
    "P0010016_2010": "P1-16: Black or African American; American Indian and Alaska Native (2010)",
    "P0010017_2010": "P1-17: Black or African American; Asian (2010)",
    "P0010018_2010": "P1-18: Black or African American; Native Hawaiian and Other Pacific Islander (2010)",
    "P0010019_2010": "P1-19: Black or African American; Some other race (2010)",
    "P0010020_2010": "P1-20: American Indian and Alaska Native; Asian (2010)",
    "P0010021_2010": "P1-21: American Indian and Alaska Native; Native Hawaiian and Other Pacific Islander (2010)",
    "P0010022_2010": "P1-22: American Indian and Alaska Native; Some other race (2010)",
    "P0010023_2010": "P1-23: Asian; Native Hawaiian and Other Pacific Islander (2010)",
    "P0010024_2010": "P1-24: Asian; Some other race (2010)",
    "P0010025_2010": "P1-25: Native Hawaiian and Other Pacific Islander; Some other race (2010)",
    "P0010026_2010": "P1-26: Population of three races (2010)",
    "P0010027_2010": "P1-27: White; Black or African American; American Indian and Alaska Native (2010)",
    "P0010028_2010": "P1-28: White; Black or African American; Asian (2010)",
    "P0010029_2010": "P1-29: White; Black or African American; Native Hawaiian and Other Pacific Islander (2010)",
    "P0010030_2010": "P1-30: White; Black or African American; Some other race (2010)",
    "P0010031_2010": "P1-31: White; American Indian and Alaska Native; Asian (2010)",
    "P0010032_2010": "P1-32: White; American Indian and Alaska Native; Native Hawaiian and Other Pacific Islander (2010)",
    "P0010033_2010": "P1-33: White; American Indian and Alaska Native; Some other race (2010)",
    "P0010034_2010": "P1-34: White; Asian; Native Hawaiian and Other Pacific Islander (2010)",
    "P0010035_2010": "P1-35: White; Asian; Some other race (2010)",
    "P0010036_2010": "P1-36: White; Native Hawaiian and Other Pacific Islander; Some other race (2010)",
    "P0010037_2010": "P1-37: Black or African American; American Indian and Alaska Native; Asian (2010)",
    "P0010038_2010": "P1-38: Black or African American; American Indian and Alaska Native; Native Hawaiian and Other Pacific Islander (2010)",
    "P0010039_2010": "P1-39: Black or African American; American Indian and Alaska Native; Some other race (2010)",
    "P0010040_2010": "P1-40: Black or African American; Asian; Native Hawaiian and Other Pacific Islander (2010)",
    "P0010041_2010": "P1-41: Black or African American; Asian; Some other race (2010)",
    "P0010042_2010": "P1-42: Black or African American; Native Hawaiian and Other Pacific Islander; Some other race (2010)",
    "P0010043_2010": "P1-43: American Indian and Alaska Native; Asian; Native Hawaiian and Other Pacific Islander (2010)",
    "P0010044_2010": "P1-44: American Indian and Alaska Native; Asian; Some other race (2010)",
    "P0010045_2010": "P1-45: American Indian and Alaska Native; Native Hawaiian and Other Pacific Islander; Some other race (2010)",
    "P0010046_2010": "P1-46: Asian; Native Hawaiian and Other Pacific Islander; Some other race (2010)",
    "P0010047_2010": "P1-47: Population of four races (2010)",
    "P0010048_2010": "P1-48: White; Black or African American; American Indian and Alaska Native; Asian (2010)",
    "P0010049_2010": "P1-49: White; Black or African American; American Indian and Alaska Native; Native Hawaiian and Other Pacific Islander (2010)",
    "P0010050_2010": "P1-50: White; Black or African American; American Indian and Alaska Native; Some other race (2010)",
    "P0010051_2010": "P1-51: White; Black or African American; Asian; Native Hawaiian and Other Pacific Islander (2010)",
    "P0010052_2010": "P1-52: White; Black or African American; Asian; Some other race (2010)",
    "P0010053_2010": "P1-53: White; Black or African American; Native Hawaiian and Other Pacific Islander; Some other race (2010)",
    "P0010054_2010": "P1-54: White; American Indian and Alaska Native; Asian; Native Hawaiian and Other Pacific Islander (2010)",
    "P0010055_2010": "P1-55: White; American Indian and Alaska Native; Asian; Some other race (2010)",
    "P0010056_2010": "P1-56: White; American Indian and Alaska Native; Native Hawaiian and Other Pacific Islander; Some other race (2010)",
    "P0010057_2010": "P1-57: White; Asian; Native Hawaiian and Other Pacific Islander; Some other race (2010)",
    "P0010058_2010": "P1-58: Black or African American; American Indian and Alaska Native; Asian; Native Hawaiian and Other Pacific Islander (2010)",
    "P0010059_2010": "P1-59: Black or African American; American Indian and Alaska Native; Asian; Some other race (2010)",
    "P0010060_2010": "P1-60: Black or African American; American Indian and Alaska Native; Native Hawaiian and Other Pacific Islander; Some other race (2010)",
    "P0010061_2010": "P1-61: Black or African American; Asian; Native Hawaiian and Other Pacific Islander; Some other race (2010)",
    "P0010062_2010": "P1-62: American Indian and Alaska Native; Asian; Native Hawaiian and Other Pacific Islander; Some other race (2010)",
    "P0010063_2010": "P1-63: Population of five races (2010)",
    "P0010064_2010": "P1-64: White; Black or African American; American Indian and Alaska Native; Asian; Native Hawaiian and Other Pacific Islander (2010)",
    "P0010065_2010": "P1-65: White; Black or African American; American Indian and Alaska Native; Asian; Some other race (2010)",
    "P0010066_2010": "P1-66: White; Black or African American; American Indian and Alaska Native; Native Hawaiian and Other Pacific Islander; Some other race (2010)",
    "P0010067_2010": "P1-67: White; Black or African American; Asian; Native Hawaiian and Other Pacific Islander; Some other race (2010)",
    "P0010068_2010": "P1-68: White; American Indian and Alaska Native; Asian; Native Hawaiian and Other Pacific Islander; Some other race (2010)",
    "P0010069_2010": "P1-69: Black or African American; American Indian and Alaska Native; Asian; Native Hawaiian and Other Pacific Islander; Some other race (2010)",
    "P0010070_2010": "P1-70: Population of six races (2010)",
    "P0010071_2010": "P1-71: White; Black or African American; American Indian and Alaska Native; Asian; Native Hawaiian and Other Pacific Islander; Some other race (2010)",
    "P0010001_pct_chg": "P1-1: Total (% change)",
    "P0010002_pct_chg": "P1-2: Population of one race (% change)",
    "P0010003_pct_chg": "P1-3: White alone (% change)",
    "P0010004_pct_chg": "P1-4: Black or African American alone (% change)",
    "P0010005_pct_chg": "P1-5: American Indian and Alaska Native alone (% change)",
    "P0010006_pct_chg": "P1-6: Asian alone (% change)",
    "P0010007_pct_chg": "P1-7: Native Hawaiian and Other Pacific Islander alone (% change)",
    "P0010008_pct_chg": "P1-8: Some other race alone (% change)",
    "P0010009_pct_chg": "P1-9: Population of two or more races (% change)",
    "P0010010_pct_chg": "P1-10: Population of two races (% change)",
    "P0010011_pct_chg": "P1-11: White; Black or African American (% change)",
    "P0010012_pct_chg": "P1-12: White; American Indian and Alaska Native (% change)",
    "P0010013_pct_chg": "P1-13: White; Asian (% change)",
    "P0010014_pct_chg": "P1-14: White; Native Hawaiian and Other Pacific Islander (% change)",
    "P0010015_pct_chg": "P1-15: White; Some other race (% change)",
    "P0010016_pct_chg": "P1-16: Black or African American; American Indian and Alaska Native (% change)",
    "P0010017_pct_chg": "P1-17: Black or African American; Asian (% change)",
    "P0010018_pct_chg": "P1-18: Black or African American; Native Hawaiian and Other Pacific Islander (% change)",
    "P0010019_pct_chg": "P1-19: Black or African American; Some other race (% change)",
    "P0010020_pct_chg": "P1-20: American Indian and Alaska Native; Asian (% change)",
    "P0010021_pct_chg": "P1-21: American Indian and Alaska Native; Native Hawaiian and Other Pacific Islander (% change)",
    "P0010022_pct_chg": "P1-22: American Indian and Alaska Native; Some other race (% change)",
    "P0010023_pct_chg": "P1-23: Asian; Native Hawaiian and Other Pacific Islander (% change)",
    "P0010024_pct_chg": "P1-24: Asian; Some other race (% change)",
    "P0010025_pct_chg": "P1-25: Native Hawaiian and Other Pacific Islander; Some other race (% change)",
    "P0010026_pct_chg": "P1-26: Population of three races (% change)",
    "P0010027_pct_chg": "P1-27: White; Black or African American; American Indian and Alaska Native (% change)",
    "P0010028_pct_chg": "P1-28: White; Black or African American; Asian (% change)",
    "P0010029_pct_chg": "P1-29: White; Black or African American; Native Hawaiian and Other Pacific Islander (% change)",
    "P0010030_pct_chg": "P1-30: White; Black or African American; Some other race (% change)",
    "P0010031_pct_chg": "P1-31: White; American Indian and Alaska Native; Asian (% change)",
    "P0010032_pct_chg": "P1-32: White; American Indian and Alaska Native; Native Hawaiian and Other Pacific Islander (% change)",
    "P0010033_pct_chg": "P1-33: White; American Indian and Alaska Native; Some other race (% change)",
    "P0010034_pct_chg": "P1-34: White; Asian; Native Hawaiian and Other Pacific Islander (% change)",
    "P0010035_pct_chg": "P1-35: White; Asian; Some other race (% change)",
    "P0010036_pct_chg": "P1-36: White; Native Hawaiian and Other Pacific Islander; Some other race (% change)",
    "P0010037_pct_chg": "P1-37: Black or African American; American Indian and Alaska Native; Asian (% change)",
    "P0010038_pct_chg": "P1-38: Black or African American; American Indian and Alaska Native; Native Hawaiian and Other Pacific Islander (% change)",
    "P0010039_pct_chg": "P1-39: Black or African American; American Indian and Alaska Native; Some other race (% change)",
    "P0010040_pct_chg": "P1-40: Black or African American; Asian; Native Hawaiian and Other Pacific Islander (% change)",
    "P0010041_pct_chg": "P1-41: Black or African American; Asian; Some other race (% change)",
    "P0010042_pct_chg": "P1-42: Black or African American; Native Hawaiian and Other Pacific Islander; Some other race (% change)",
    "P0010043_pct_chg": "P1-43: American Indian and Alaska Native; Asian; Native Hawaiian and Other Pacific Islander (% change)",
    "P0010044_pct_chg": "P1-44: American Indian and Alaska Native; Asian; Some other race (% change)",
    "P0010045_pct_chg": "P1-45: American Indian and Alaska Native; Native Hawaiian and Other Pacific Islander; Some other race (% change)",
    "P0010046_pct_chg": "P1-46: Asian; Native Hawaiian and Other Pacific Islander; Some other race (% change)",
    "P0010047_pct_chg": "P1-47: Population of four races (% change)",
    "P0010048_pct_chg": "P1-48: White; Black or African American; American Indian and Alaska Native; Asian (% change)",
    "P0010049_pct_chg": "P1-49: White; Black or African American; American Indian and Alaska Native; Native Hawaiian and Other Pacific Islander (% change)",
    "P0010050_pct_chg": "P1-50: White; Black or African American; American Indian and Alaska Native; Some other race (% change)",
    "P0010051_pct_chg": "P1-51: White; Black or African American; Asian; Native Hawaiian and Other Pacific Islander (% change)",
    "P0010052_pct_chg": "P1-52: White; Black or African American; Asian; Some other race (% change)",
    "P0010053_pct_chg": "P1-53: White; Black or African American; Native Hawaiian and Other Pacific Islander; Some other race (% change)",
    "P0010054_pct_chg": "P1-54: White; American Indian and Alaska Native; Asian; Native Hawaiian and Other Pacific Islander (% change)",
    "P0010055_pct_chg": "P1-55: White; American Indian and Alaska Native; Asian; Some other race (% change)",
    "P0010056_pct_chg": "P1-56: White; American Indian and Alaska Native; Native Hawaiian and Other Pacific Islander; Some other race (% change)",
    "P0010057_pct_chg": "P1-57: White; Asian; Native Hawaiian and Other Pacific Islander; Some other race (% change)",
    "P0010058_pct_chg": "P1-58: Black or African American; American Indian and Alaska Native; Asian; Native Hawaiian and Other Pacific Islander (% change)",
    "P0010059_pct_chg": "P1-59: Black or African American; American Indian and Alaska Native; Asian; Some other race (% change)",
    "P0010060_pct_chg": "P1-60: Black or African American; American Indian and Alaska Native; Native Hawaiian and Other Pacific Islander; Some other race (% change)",
    "P0010061_pct_chg": "P1-61: Black or African American; Asian; Native Hawaiian and Other Pacific Islander; Some other race (% change)",
    "P0010062_pct_chg": "P1-62: American Indian and Alaska Native; Asian; Native Hawaiian and Other Pacific Islander; Some other race (% change)",
    "P0010063_pct_chg": "P1-63: Population of five races (% change)",
    "P0010064_pct_chg": "P1-64: White; Black or African American; American Indian and Alaska Native; Asian; Native Hawaiian and Other Pacific Islander (% change)",
    "P0010065_pct_chg": "P1-65: White; Black or African American; American Indian and Alaska Native; Asian; Some other race (% change)",
    "P0010066_pct_chg": "P1-66: White; Black or African American; American Indian and Alaska Native; Native Hawaiian and Other Pacific Islander; Some other race (% change)",
    "P0010067_pct_chg": "P1-67: White; Black or African American; Asian; Native Hawaiian and Other Pacific Islander; Some other race (% change)",
    "P0010068_pct_chg": "P1-68: White; American Indian and Alaska Native; Asian; Native Hawaiian and Other Pacific Islander; Some other race (% change)",
    "P0010069_pct_chg": "P1-69: Black or African American; American Indian and Alaska Native; Asian; Native Hawaiian and Other Pacific Islander; Some other race (% change)",
    "P0010070_pct_chg": "P1-70: Population of six races (% change)",
    "P0010071_pct_chg": "P1-71: White; Black or African American; American Indian and Alaska Native; Asian; Native Hawaiian and Other Pacific Islander; Some other race (% change)"
  }
}